T,T,T,Phenylalanine
,,C,Phenylalanine
,,A,Leucine
,,G,Leucine
,C,T,Serine
,,C,Serine
,,A,Serine
,,G,Serine
,A,T,Tyrosine
,,C,Tyrosine
,,A,Stop
,,G,Stop
,G,T,Cysteine
,,C,Cysteine
,,A,Stop
,,G,Tryptophan
C,T,T,Leucine
,,C,Leucine
,,A,Leucine
,,G,Leucine
,C,T,Proline
,,C,Proline
,,A,Proline
,,G,Proline
,A,T,Histidine
,,C,Histidine
,,A,Glutamine
,,G,Glutamine
,G,T,Arginine
,,C,Arginine
,,A,Arginine
,,G,Arginine
A,T,T,Isoleucine
,,C,Isoleucine
,,A,Isoleucine
,,G,Methionine
,C,T,Threonine
,,C,Threonine
,,A,Threonine
,,G,Threonine
,A,T,Asparagine
,,C,Asparagine
,,A,Lysine
,,G,Lysine
,G,T,Serine
,,C,Serine
,,A,Arginine
,,G,Arginine
G,T,T,Valine
,,C,Valine
,,A,Valine
,,G,Valine
,C,T,Alanine
,,C,Alanine
,,A,Alanine
,,G,Alanine
,A,T,Aspartic Acid
,,C,Aspartic Acid
,,A,Glutamic Acid
,,G,Glutamic Acid
,G,T,Glycine
,,C,Glycine
,,A,Glycine
,,G,Glycine